Workbook

Sheet Read Me
A1: Hall of Echoing Mirrors - Act I Balance Model
A2: Time-based drain. How many runs to open the lab, and is run length growing? v0.1
A4: The question this answers
A5: Act I content is nearly complete. The open problem is whether the numbers produce a
A6: playable curve: runs that lengthen, progress that accumulates, and a lab reachable in
A7: a sensible number of loops. This model answers that without 20 playtest runs per change.
A9: How the model works
A10: Each run is split into OVERHEAD (redone every run: travel, the candle chain, gathering)
A11: and PROGRESS (accumulates between runs: explores, searches, one-time finds).
A12: Per run: affordable time - overhead = progress time. Cumulative progress time
A13: reaches the Act I requirement at some run number. That number is the answer.
A15: THE FAILURE MODE TO WATCH: if overhead >= affordable time, progress per run is zero
... A28: The model assumes the player runs the intended route. It does not simulate choice.

Sheet Parameters
A1: Parameters
A2: Blue cells are inputs. Yellow-filled are the master dials.
A4: THE DRAIN
A5: Starting vitality | B5: 100 | C5: Before any gathering
A6: Base drain per second | B6: 0.5 | C6: At t=0
A7: Growth per minute | B7: 0.25 | C7: Compounding. THE master pacing dial
A8: Candle reduction (multiplier) | B8: 0.8 | C8: Applied for the rest of the run once lit
A9: Average drain multiplier | B9: =1-(1-B8)*0.7 -> 0.86 | C9: Approximates candles being lit partway in, not at t=0
A10: XP rounding | B10: ceil | C10: ceil / round / none. ceil favours 1-3s actions by up to 33%
A11: XP AND LEVELS
A12: XP per base second | B12: 0.75 | C12: XP = rate x the action's base duration
A13: First run-level costs | B13: 10 | C13: Run levels reset each run
A14: First mastery level costs | B14: 20 | C14: Mastery persists
A15: Run-level cost growth | B15: 0.09 | C15: MUST be >= speed per run level, or the XP loop runs away
A16: Speed per run level | B16: 0.05 | C16: x1.05 each
A17: Speed per mastery level | B17: 0.01 | C17: x1.01 each
A18: Mastery cap | B18: 100 | C18: From the build
A19: Mastery cost growth | B19: 0.01 | C19: Safe at 1% because mastery is capped
A20: PER-RUN GATHERING | B20: 1.6 | C20: Average run-level speed across one run. Read it off the ramp table
A21: Wisp: restore amount | B21: 5
A22: Wisp: restore seconds | B22: 5 | C22: So 1.0 vitality/sec while it runs
A23: Well: restore amount | B23: 15
A24: Well: restore seconds | B24: 7 | C24: So 16.7 vitality/sec while it runs
A25: Wisp: seconds to gather | B25: 5 | C25: Base, before speed
A26: Well: seconds to fill | B26: 15 | C26: Base, before speed
A28: Tier in use | B28: wisp | C28: wisp / well. Swap it to see each tier's run-length ceiling
A29: Share of run spent gathering | B29: 0.25 | C29: How much of the run she spends topping up
A30: Restore rate cap | B30: =IF(B28="well",B23/B24,B21/B22) -> 1 | C30: Vitality per second while one item runs. Only one at a time, so this is a hard ceiling.
A33: TARGETS
A34: Target runs to open the lab | B34: 14 | C34: Budget one payoff per run (GDD 14.20)
A35: Target run length - early (s) | B35: 300 | C35: 3 minutes
A36: Target run length - late (s) | B36: 600 | C36: 7 minutes
A37: Minimum progress per run (s) | B37: 10 | C37: Below this a run feels dead
A39: Run-level feedback exponent | B39: =LN(1+B16)/LN(1+B15) -> 0.56615768 | C39: ln(1+speed per run level) / ln(1+run-level cost growth). MUST stay at or below 1.00.

Sheet Route
A1: The Act I Route
A2: Every action needed to open the lab. OVERHEAD is redone every run; PROGRESS accumulates between runs. Durations marked GUESS are not in the build doc - correct them first.
A4: Action | B4: Kind | C4: Skill | D4: Base secs | E4: Count | F4: Repeats | G4: Base total | H4: XP each | I4: XP total | J4: Source | K4: Note
A5: Travel: smoky mirror -> A Dark Hall | B5: Overhead | C5: Wayfinding | D5: 30 | E5: 1 | F5: 1 | G5: =D5*E5*F5 -> 30 | H5: =IF(Parameters!$B$10="none",Parameters!$B$12*D5,IF(Parameters!$B$10="round",ROUND(Parameters!$B$12*D5,0),ROUNDUP(Parameters!$B$12*D5,0))) -> 23 | I5: =H5*E5*F5 -> 23 | J5: GUESS | K5: not in build doc
A6: Travel: A Dark Hall -> left corridor | B6: Overhead | C6: Wayfinding | D6: 30 | E6: 1 | F6: 1 | G6: =D6*E6*F6 -> 30 | H6: =IF(Parameters!$B$10="none",Parameters!$B$12*D6,IF(Parameters!$B$10="round",ROUND(Parameters!$B$12*D6,0),ROUNDUP(Parameters!$B$12*D6,0))) -> 23 | I6: =H6*E6*F6 -> 23 | J6: GUESS
A7: Travel: left corridor -> the dark | B7: Overhead | C7: Wayfinding | D7: 30 | E7: 1 | F7: 1 | G7: =D7*E7*F7 -> 30 | H7: =IF(Parameters!$B$10="none",Parameters!$B$12*D7,IF(Parameters!$B$10="round",ROUND(Parameters!$B$12*D7,0),ROUNDUP(Parameters!$B$12*D7,0))) -> 23 | I7: =H7*E7*F7 -> 23 | J7: GUESS
A8: Travel: back to A Dark Hall | B8: Overhead | C8: Wayfinding | D8: 30 | E8: 1 | F8: 1 | G8: =D8*E8*F8 -> 30 | H8: =IF(Parameters!$B$10="none",Parameters!$B$12*D8,IF(Parameters!$B$10="round",ROUND(Parameters!$B$12*D8,0),ROUNDUP(Parameters!$B$12*D8,0))) -> 23 | I8: =H8*E8*F8 -> 23 | J8: GUESS | K8: return leg
A9: Travel: A Dark Hall -> right corridor | B9: Overhead | C9: Wayfinding | D9: 30 | E9: 1 | F9: 1 | G9: =D9*E9*F9 -> 30 | H9: =IF(Parameters!$B$10="none",Parameters!$B$12*D9,IF(Parameters!$B$10="round",ROUND(Parameters!$B$12*D9,0),ROUNDUP(Parameters!$B$12*D9,0))) -> 23 | I9: =H9*E9*F9 -> 23 | J9: GUESS
A10: Instantiate flint and steel | B10: Overhead | C10: Instantiate | D10: 60 | E10: 1 | F10: 1 | G10: =D10*E10*F10 -> 60 | H10: =IF(Parameters!$B$10="none",Parameters!$B$12*D10,IF(Parameters!$B$10="round",ROUND(Parameters!$B$12*D10,0),ROUNDUP(Parameters!$B$12*D10,0))) -> 45 | I10: =H10*E10*F10 -> 45 | J10: build | K10: once a run
A11: Instantiate a candle | B11: Overhead | C11: Instantiate | D11: 4 | E11: 15 | F11: 1 | G11: =D11*E11*F11 -> 60 | H11: =IF(Parameters!$B$10="none",Parameters!$B$12*D11,IF(Parameters!$B$10="round",ROUND(Parameters!$B$12*D11,0),ROUNDUP(Parameters!$B$12*D11,0))) -> 3 | I11: =H11*E11*F11 -> 45 | J11: build | K11: repeats to 15
A12: Light the candles | B12: Overhead | C12: Instantiate | D12: 45 | E12: 1 | F12: 1 | G12: =D12*E12*F12 -> 45 | H12: =IF(Parameters!$B$10="none",Parameters!$B$12*D12,IF(Parameters!$B$10="round",ROUND(Parameters!$B$12*D12,0),ROUNDUP(Parameters!$B$12*D12,0))) -> 34 | I12: =H12*E12*F12 -> 34 | J12: build | K12: drain x0.8
A13: Gather a wisp | B13: Gather | C13: Gathering | D13: 2 | E13: 6 | F13: 1 | G13: =D13*E13*F13 -> 12 | H13: =IF(Parameters!$B$10="none",Parameters!$B$12*D13,IF(Parameters!$B$10="round",ROUND(Parameters!$B$12*D13,0),ROUNDUP(Parameters!$B$12*D13,0))) -> 2 | I13: =H13*E13*F13 -> 12 | J13: build | K13: time share in Parameters B21
A14: Instantiate an empty phial | B14: Overhead | C14: Instantiate | D14: 45 | E14: 1 | F14: 1 | G14: =D14*E14*F14 -> 45 | H14: =IF(Parameters!$B$10="none",Parameters!$B$12*D14,IF(Parameters!$B$10="round",ROUND(Parameters!$B$12*D14,0),ROUNDUP(Parameters!$B$12*D14,0))) -> 34 | I14: =H14*E14*F14 -> 34 | J14: build | K14: once a run
A15: Fill a bottled well | B15: Overhead | C15: Gathering | D15: 15 | E15: 1 | F15: 1 | G15: =D15*E15*F15 -> 15 | H15: =IF(Parameters!$B$10="none",Parameters!$B$12*D15,IF(Parameters!$B$10="round",ROUND(Parameters!$B$12*D15,0),ROUNDUP(Parameters!$B$12*D15,0))) -> 12 | I15: =H15*E15*F15 -> 12 | J15: build | K15: needs the phial
A16: Explore the smoky mirror | B16: Learn | C16: Wayfinding | D16: 15 | E16: 3 | F16: 6 | G16: =D16*E16*F16 -> 270 | H16: =IF(Parameters!$B$10="none",Parameters!$B$12*D16,IF(Parameters!$B$10="round",ROUND(Parameters!$B$12*D16,0),ROUNDUP(Parameters!$B$12*D16,0))) -> 12 | I16: =H16*E16*F16 -> 216 | J16: GUESS | K16: redone until known by heart
A17: Explore the left corridor | B17: Learn | C17: Wayfinding | D17: 15 | E17: 3 | F17: 6 | G17: =D17*E17*F17 -> 270 | H17: =IF(Parameters!$B$10="none",Parameters!$B$12*D17,IF(Parameters!$B$10="round",ROUND(Parameters!$B$12*D17,0),ROUNDUP(Parameters!$B$12*D17,0))) -> 12 | I17: =H17*E17*F17 -> 216 | J17: GUESS | K17: redone until known by heart
A18: Explore the dark | B18: Learn | C18: Wayfinding | D18: 15 | E18: 10 | F18: 6 | G18: =D18*E18*F18 -> 900 | H18: =IF(Parameters!$B$10="none",Parameters!$B$12*D18,IF(Parameters!$B$10="round",ROUND(Parameters!$B$12*D18,0),ROUNDUP(Parameters!$B$12*D18,0))) -> 12 | I18: =H18*E18*F18 -> 720 | J18: GUESS | K18: redone until known by heart
A19: Explore the right corridor | B19: Learn | C19: Wayfinding | D19: 15 | E19: 3 | F19: 6 | G19: =D19*E19*F19 -> 270 | H19: =IF(Parameters!$B$10="none",Parameters!$B$12*D19,IF(Parameters!$B$10="round",ROUND(Parameters!$B$12*D19,0),ROUNDUP(Parameters!$B$12*D19,0))) -> 12 | I19: =H19*E19*F19 -> 216 | J19: GUESS | K19: redone until known by heart
A20: Search the right corridor | B20: Progress | C20: Wayfinding | D20: 15 | E20: 1 | F20: 1 | G20: =D20*E20*F20 -> 15 | H20: =IF(Parameters!$B$10="none",Parameters!$B$12*D20,IF(Parameters!$B$10="round",ROUND(Parameters!$B$12*D20,0),ROUNDUP(Parameters!$B$12*D20,0))) -> 12 | I20: =H20*E20*F20 -> 12 | J20: build | K20: finds the ring
A21: Take Roland's ring | B21: Progress | C21: Wayfinding | D21: 30 | E21: 1 | F21: 1 | G21: =D21*E21*F21 -> 30 | H21: =IF(Parameters!$B$10="none",Parameters!$B$12*D21,IF(Parameters!$B$10="round",ROUND(Parameters!$B$12*D21,0),ROUNDUP(Parameters!$B$12*D21,0))) -> 23 | I21: =H21*E21*F21 -> 23 | J21: GUESS
A22: Travel: right corridor -> the lab | B22: Progress | C22: Wayfinding | D22: 30 | E22: 1 | F22: 1 | G22: =D22*E22*F22 -> 30 | H22: =IF(Parameters!$B$10="none",Parameters!$B$12*D22,IF(Parameters!$B$10="round",ROUND(Parameters!$B$12*D22,0),ROUNDUP(Parameters!$B$12*D22,0))) -> 23 | I22: =H22*E22*F22 -> 23 | J22: GUESS | K22: the long hall
G24: =SUMIF(B5:B22,"Overhead",G5:G22) -> 375 | H24: XP: | I24: =SUMIF(B5:B22,"Overhead",I5:I22) -> 285
G25: =SUMIF(B5:B22,"Progress",G5:G22)+SUMIF(B5:B22,"Learn",G5:G22) -> 1785 | H25: XP: | I25: =SUMIF(B5:B22,"Progress",I5:I22)+SUMIF(B5:B22,"Learn",I5:I22) -> 1426
G26: =SUMIF(B5:B22,"Gather",G5:G22) -> 12 | H26: XP: | I26: =SUMIF(B5:B22,"Gather",I5:I22) -> 12
A27: of which re-exploring (Learn) | G27: =SUMIF(B5:B22,"Learn",G5:G22) -> 1710
A28: XP BY SKILL | G28: =SUMPRODUCT(($B$5:$B$22="Learn")*$D$5:$D$22*$E$5:$E$22) -> 285
A29: Skill | B29: Every run (overhead+gather) | C29: Content (progress + learn) | D29: Share of per-run XP | G29: =_xlfn.MAXIFS($F$5:$F$22,$B$5:$B$22,"Learn") -> 6
A30: Wayfinding | B30: =SUMIFS($I$5:$I$22,$C$5:$C$22,A30,$B$5:$B$22,"Overhead")+SUMIFS($I$5:$I$22,$C$5:$C$22,A30,$B$5:$B$22,"Gather") -> 115 | C30: =SUMIFS($I$5:$I$22,$C$5:$C$22,A30,$B$5:$B$22,"Progress")+SUMIFS($I$5:$I$22,$C$5:$C$22,A30,$B$5:$B$22,"Learn") -> 1426 | D30: =IFERROR(B30/SUM($B$30:$B$34),0) -> 0.38720539
A31: Gathering | B31: =SUMIFS($I$5:$I$22,$C$5:$C$22,A31,$B$5:$B$22,"Overhead")+SUMIFS($I$5:$I$22,$C$5:$C$22,A31,$B$5:$B$22,"Gather") -> 24 | C31: =SUMIFS($I$5:$I$22,$C$5:$C$22,A31,$B$5:$B$22,"Progress")+SUMIFS($I$5:$I$22,$C$5:$C$22,A31,$B$5:$B$22,"Learn") -> 0 | D31: =IFERROR(B31/SUM($B$30:$B$34),0) -> 0.080808081
A32: Instantiate | B32: =SUMIFS($I$5:$I$22,$C$5:$C$22,A32,$B$5:$B$22,"Overhead")+SUMIFS($I$5:$I$22,$C$5:$C$22,A32,$B$5:$B$22,"Gather") -> 158 | C32: =SUMIFS($I$5:$I$22,$C$5:$C$22,A32,$B$5:$B$22,"Progress")+SUMIFS($I$5:$I$22,$C$5:$C$22,A32,$B$5:$B$22,"Learn") -> 0 | D32: =IFERROR(B32/SUM($B$30:$B$34),0) -> 0.53198653
A33: Invoking | B33: =SUMIFS($I$5:$I$22,$C$5:$C$22,A33,$B$5:$B$22,"Overhead")+SUMIFS($I$5:$I$22,$C$5:$C$22,A33,$B$5:$B$22,"Gather") -> 0 | C33: =SUMIFS($I$5:$I$22,$C$5:$C$22,A33,$B$5:$B$22,"Progress")+SUMIFS($I$5:$I$22,$C$5:$C$22,A33,$B$5:$B$22,"Learn") -> 0 | D33: =IFERROR(B33/SUM($B$30:$B$34),0) -> 0
A34: Studying | B34: =SUMIFS($I$5:$I$22,$C$5:$C$22,A34,$B$5:$B$22,"Overhead")+SUMIFS($I$5:$I$22,$C$5:$C$22,A34,$B$5:$B$22,"Gather") -> 0 | C34: =SUMIFS($I$5:$I$22,$C$5:$C$22,A34,$B$5:$B$22,"Progress")+SUMIFS($I$5:$I$22,$C$5:$C$22,A34,$B$5:$B$22,"Learn") -> 0 | D34: =IFERROR(B34/SUM($B$30:$B$34),0) -> 0
A36: A skill taking most of the per-run XP levels fastest, so its actions get cheap first.
A37: A skill at 0% never levels at all - either it has no Act I content, or the split is wrong.
A38: Overhead is paid EVERY run. Progress is the Act I content, paid once across all runs.

Sheet Run Progression
A1: Run Progression
A2: One row per run. Skills carry over as mastery, so each run is faster than the last. The lab opens on the run where cumulative progress reaches 100%.
A4: Run | B4: Cum. mastery XP | C4: Mastery lvl | D4: Run-lvl ramp | E4: Speed x | F4: Gather share | G4: Vitality used | H4: Run length s | I4: Overhead s | J4: Progress s this run | K4: Cum. progress s | L4: % of Act I | M4: Status
A5: 1 | B5: =Route!$I$24+Route!$I$26 -> 297 | C5: =MIN(Parameters!$B$18,LN(1+B5*Parameters!$B$19/Parameters!$B$14)/LN(1+Parameters!$B$19)) -> 13.914788 | D5: =Parameters!$B$20 -> 1.6 | E5: =D5*(1+Parameters!$B$17)^C5 -> 1.8376 | F5: =MIN(Parameters!$B$29,Parameters!$B$30/(E5/(IF(Parameters!$B$28="well",Parameters!$B$26,Parameters!$B$25))*(IF(Parameters!$B$28="well",Parameters!$B$23,Parameters!$B$21)))) -> 0.25 | G5: =Parameters!$B$5+O5*H5 -> 237.77245 | H5: =U5 -> 299.8965 | I5: =Route!$G$24/E5+F5*H5 -> 279.04465 | J5: =MAX(0,H5-I5) -> 20.85185 | K5: =MIN(Route!$G$25,MIN(J5*E5,Route!$G$28+Route!$G$25-Route!$G$27)) -> 38.31736 | L5: =K5/Route!$G$25 -> 0.021466308 | M5: =IF(J5<=0,"STUCK - overhead exceeds the run",IF(AND(K5>=Route!$G$25,A5>=Route!$G$29),"LAB OPENS",IF(J5<Parameters!$B$37,"dead run","ok"))) -> ok | N5: =Route!$I$25*MAX(0,K5-0)/Route!$G$25 -> 30.610955 | O5: =MIN(Parameters!$B$30,Parameters!$B$29*E5/(IF(Parameters!$B$28="well",Parameters!$B$26,Parameters!$B$25))*(IF(Parameters!$B$28="well",Parameters!$B$23,Parameters!$B$21))) -> 0.4594 | P5: =(60/LN(1+Parameters!$B$7))*LN(1+Parameters!$B$5*(LN(1+Parameters!$B$7)/(60*Parameters!$B$6*Parameters!$B$9))) -> 167.5709 | Q5: =(60/LN(1+Parameters!$B$7))*LN(1+(Parameters!$B$5+O5*P5)*(LN(1+Parameters!$B$7)/(60*Parameters!$B$6*Parameters!$B$9))) -> 249.66026 | R5: =(60/LN(1+Parameters!$B$7))*LN(1+(Parameters!$B$5+O5*Q5)*(LN(1+Parameters!$B$7)/(60*Parameters!$B$6*Parameters!$B$9))) -> 282.25712 | S5: =(60/LN(1+Parameters!$B$7))*LN(1+(Parameters!$B$5+O5*R5)*(LN(1+Parameters!$B$7)/(60*Parameters!$B$6*Parameters!$B$9))) -> 294.17894 | T5: =(60/LN(1+Parameters!$B$7))*LN(1+(Parameters!$B$5+O5*S5)*(LN(1+Parameters!$B$7)/(60*Parameters!$B$6*Parameters!$B$9))) -> 298.41045 | U5: =(60/LN(1+Parameters!$B$7))*LN(1+(Parameters!$B$5+O5*T5)*(LN(1+Parameters!$B$7)/(60*Parameters!$B$6*Parameters!$B$9))) -> 299.8965
A6: 2 | B6: =B5+Route!$I$24+Route!$I$26+N5 -> 624.61096 | C6: =MIN(Parameters!$B$18,LN(1+B6*Parameters!$B$19/Parameters!$B$14)/LN(1+Parameters!$B$19)) -> 27.314217 | D6: =Parameters!$B$20 -> 1.6 | E6: =D6*(1+Parameters!$B$17)^C6 -> 2.0996888 | F6: =MIN(Parameters!$B$29,Parameters!$B$30/(E6/(IF(Parameters!$B$28="well",Parameters!$B$26,Parameters!$B$25))*(IF(Parameters!$B$28="well",Parameters!$B$23,Parameters!$B$21)))) -> 0.25 | G6: =Parameters!$B$5+O6*H6 -> 269.37042 | H6: =U6 -> 322.65815 | I6: =Route!$G$24/E6+F6*H6 -> 259.26244 | J6: =MAX(0,H6-I6) -> 63.395715 | K6: =MIN(Route!$G$25,K5+MIN(J6*E6,Route!$G$28+Route!$G$25-Route!$G$27)) -> 171.42863 | L6: =K6/Route!$G$25 -> 0.096038448 | M6: =IF(J6<=0,"STUCK - overhead exceeds the run",IF(AND(K6>=Route!$G$25,A6>=Route!$G$29,OR(K5<Route!$G$25,A5<Route!$G$29)),"LAB OPENS",IF(AND(K6>=Route!$G$25,A6>Route!$G$29),"(lab already open)",IF(J6<Parameters!$B$37,"dead run","ok")))) -> ok | N6: =Route!$I$25*MAX(0,K6-K5)/Route!$G$25 -> 106.33987 | O6: =MIN(Parameters!$B$30,Parameters!$B$29*E6/(IF(Parameters!$B$28="well",Parameters!$B$26,Parameters!$B$25))*(IF(Parameters!$B$28="well",Parameters!$B$23,Parameters!$B$21))) -> 0.52492219 | P6: =(60/LN(1+Parameters!$B$7))*LN(1+Parameters!$B$5*(LN(1+Parameters!$B$7)/(60*Parameters!$B$6*Parameters!$B$9))) -> 167.5709 | Q6: =(60/LN(1+Parameters!$B$7))*LN(1+(Parameters!$B$5+O6*P6)*(LN(1+Parameters!$B$7)/(60*Parameters!$B$6*Parameters!$B$9))) -> 259.5652 | R6: =(60/LN(1+Parameters!$B$7))*LN(1+(Parameters!$B$5+O6*Q6)*(LN(1+Parameters!$B$7)/(60*Parameters!$B$6*Parameters!$B$9))) -> 299.25673 | S6: =(60/LN(1+Parameters!$B$7))*LN(1+(Parameters!$B$5+O6*R6)*(LN(1+Parameters!$B$7)/(60*Parameters!$B$6*Parameters!$B$9))) -> 314.72435 | T6: =(60/LN(1+Parameters!$B$7))*LN(1+(Parameters!$B$5+O6*S6)*(LN(1+Parameters!$B$7)/(60*Parameters!$B$6*Parameters!$B$9))) -> 320.51903 | U6: =(60/LN(1+Parameters!$B$7))*LN(1+(Parameters!$B$5+O6*T6)*(LN(1+Parameters!$B$7)/(60*Parameters!$B$6*Parameters!$B$9))) -> 322.65815
A7: 3 | B7: =B6+Route!$I$24+Route!$I$26+N6 -> 1027.9508 | C7: =MIN(Parameters!$B$18,LN(1+B7*Parameters!$B$19/Parameters!$B$14)/LN(1+Parameters!$B$19)) -> 41.680917 | D7: =Parameters!$B$20 -> 1.6 | E7: =D7*(1+Parameters!$B$17)^C7 -> 2.4223607 | F7: =MIN(Parameters!$B$29,Parameters!$B$30/(E7/(IF(Parameters!$B$28="well",Parameters!$B$26,Parameters!$B$25))*(IF(Parameters!$B$28="well",Parameters!$B$23,Parameters!$B$21)))) -> 0.25 | G7: =Parameters!$B$5+O7*H7 -> 312.44732 | H7: =U7 -> 350.81039 | I7: =Route!$G$24/E7+F7*H7 -> 242.51026 | J7: =MAX(0,H7-I7) -> 108.30013 | K7: =MIN(Route!$G$25,K6+MIN(J7*E7,Route!$G$28+Route!$G$25-Route!$G$27)) -> 433.77059 | L7: =K7/Route!$G$25 -> 0.24300874 | M7: =IF(J7<=0,"STUCK - overhead exceeds the run",IF(AND(K7>=Route!$G$25,A7>=Route!$G$29,OR(K6<Route!$G$25,A6<Route!$G$29)),"LAB OPENS",IF(AND(K7>=Route!$G$25,A7>Route!$G$29),"(lab already open)",IF(J7<Parameters!$B$37,"dead run","ok")))) -> ok | N7: =Route!$I$25*MAX(0,K7-K6)/Route!$G$25 -> 209.57963 | O7: =MIN(Parameters!$B$30,Parameters!$B$29*E7/(IF(Parameters!$B$28="well",Parameters!$B$26,Parameters!$B$25))*(IF(Parameters!$B$28="well",Parameters!$B$23,Parameters!$B$21))) -> 0.60559017 | P7: =(60/LN(1+Parameters!$B$7))*LN(1+Parameters!$B$5*(LN(1+Parameters!$B$7)/(60*Parameters!$B$6*Parameters!$B$9))) -> 167.5709 | Q7: =(60/LN(1+Parameters!$B$7))*LN(1+(Parameters!$B$5+O7*P7)*(LN(1+Parameters!$B$7)/(60*Parameters!$B$6*Parameters!$B$9))) -> 271.27895 | R7: =(60/LN(1+Parameters!$B$7))*LN(1+(Parameters!$B$5+O7*Q7)*(LN(1+Parameters!$B$7)/(60*Parameters!$B$6*Parameters!$B$9))) -> 319.8673 | S7: =(60/LN(1+Parameters!$B$7))*LN(1+(Parameters!$B$5+O7*R7)*(LN(1+Parameters!$B$7)/(60*Parameters!$B$6*Parameters!$B$9))) -> 339.92604 | T7: =(60/LN(1+Parameters!$B$7))*LN(1+(Parameters!$B$5+O7*S7)*(LN(1+Parameters!$B$7)/(60*Parameters!$B$6*Parameters!$B$9))) -> 347.78945 | U7: =(60/LN(1+Parameters!$B$7))*LN(1+(Parameters!$B$5+O7*T7)*(LN(1+Parameters!$B$7)/(60*Parameters!$B$6*Parameters!$B$9))) -> 350.81039
A8: 4 | B8: =B7+Route!$I$24+Route!$I$26+N7 -> 1534.5305 | C8: =MIN(Parameters!$B$18,LN(1+B8*Parameters!$B$19/Parameters!$B$14)/LN(1+Parameters!$B$19)) -> 57.227573 | D8: =Parameters!$B$20 -> 1.6 | E8: =D8*(1+Parameters!$B$17)^C8 -> 2.8276244 | F8: =MIN(Parameters!$B$29,Parameters!$B$30/(E8/(IF(Parameters!$B$28="well",Parameters!$B$26,Parameters!$B$25))*(IF(Parameters!$B$28="well",Parameters!$B$23,Parameters!$B$21)))) -> 0.25 | G8: =Parameters!$B$5+O8*H8 -> 372.68206 | H8: =U8 -> 385.74015 | I8: =Route!$G$24/E8+F8*H8 -> 229.0552 | J8: =MAX(0,H8-I8) -> 156.68495 | K8: =MIN(Route!$G$25,K7+MIN(J8*E8,Route!$G$28+Route!$G$25-Route!$G$27)) -> 793.77059 | L8: =K8/Route!$G$25 -> 0.44468941 | M8: =IF(J8<=0,"STUCK - overhead exceeds the run",IF(AND(K8>=Route!$G$25,A8>=Route!$G$29,OR(K7<Route!$G$25,A7<Route!$G$29)),"LAB OPENS",IF(AND(K8>=Route!$G$25,A8>Route!$G$29),"(lab already open)",IF(J8<Parameters!$B$37,"dead run","ok")))) -> ok | N8: =Route!$I$25*MAX(0,K8-K7)/Route!$G$25 -> 287.59664 | O8: =MIN(Parameters!$B$30,Parameters!$B$29*E8/(IF(Parameters!$B$28="well",Parameters!$B$26,Parameters!$B$25))*(IF(Parameters!$B$28="well",Parameters!$B$23,Parameters!$B$21))) -> 0.70690609 | P8: =(60/LN(1+Parameters!$B$7))*LN(1+Parameters!$B$5*(LN(1+Parameters!$B$7)/(60*Parameters!$B$6*Parameters!$B$9))) -> 167.5709 | Q8: =(60/LN(1+Parameters!$B$7))*LN(1+(Parameters!$B$5+O8*P8)*(LN(1+Parameters!$B$7)/(60*Parameters!$B$6*Parameters!$B$9))) -> 285.30296 | R8: =(60/LN(1+Parameters!$B$7))*LN(1+(Parameters!$B$5+O8*Q8)*(LN(1+Parameters!$B$7)/(60*Parameters!$B$6*Parameters!$B$9))) -> 345.11368 | S8: =(60/LN(1+Parameters!$B$7))*LN(1+(Parameters!$B$5+O8*R8)*(LN(1+Parameters!$B$7)/(60*Parameters!$B$6*Parameters!$B$9))) -> 371.0633 | T8: =(60/LN(1+Parameters!$B$7))*LN(1+(Parameters!$B$5+O8*S8)*(LN(1+Parameters!$B$7)/(60*Parameters!$B$6*Parameters!$B$9))) -> 381.58701 | U8: =(60/LN(1+Parameters!$B$7))*LN(1+(Parameters!$B$5+O8*T8)*(LN(1+Parameters!$B$7)/(60*Parameters!$B$6*Parameters!$B$9))) -> 385.74015
A9: 5 | B9: =B8+Route!$I$24+Route!$I$26+N8 -> 2119.1271 | C9: =MIN(Parameters!$B$18,LN(1+B9*Parameters!$B$19/Parameters!$B$14)/LN(1+Parameters!$B$19)) -> 72.610057 | D9: =Parameters!$B$20 -> 1.6 | E9: =D9*(1+Parameters!$B$17)^C9 -> 3.2953017 | F9: =MIN(Parameters!$B$29,Parameters!$B$30/(E9/(IF(Parameters!$B$28="well",Parameters!$B$26,Parameters!$B$25))*(IF(Parameters!$B$28="well",Parameters!$B$23,Parameters!$B$21)))) -> 0.25 | G9: =Parameters!$B$5+O9*H9 -> 449.89631 | H9: =U9 -> 424.72143 | I9: =Route!$G$24/E9+F9*H9 -> 219.97874 | J9: =MAX(0,H9-I9) -> 204.74269 | K9: =MIN(Route!$G$25,K8+MIN(J9*E9,Route!$G$28+Route!$G$25-Route!$G$27)) -> 1153.7706 | L9: =K9/Route!$G$25 -> 0.64637008 | M9: =IF(J9<=0,"STUCK - overhead exceeds the run",IF(AND(K9>=Route!$G$25,A9>=Route!$G$29,OR(K8<Route!$G$25,A8<Route!$G$29)),"LAB OPENS",IF(AND(K9>=Route!$G$25,A9>Route!$G$29),"(lab already open)",IF(J9<Parameters!$B$37,"dead run","ok")))) -> ok | N9: =Route!$I$25*MAX(0,K9-K8)/Route!$G$25 -> 287.59664 | O9: =MIN(Parameters!$B$30,Parameters!$B$29*E9/(IF(Parameters!$B$28="well",Parameters!$B$26,Parameters!$B$25))*(IF(Parameters!$B$28="well",Parameters!$B$23,Parameters!$B$21))) -> 0.82382542 | P9: =(60/LN(1+Parameters!$B$7))*LN(1+Parameters!$B$5*(LN(1+Parameters!$B$7)/(60*Parameters!$B$6*Parameters!$B$9))) -> 167.5709 | Q9: =(60/LN(1+Parameters!$B$7))*LN(1+(Parameters!$B$5+O9*P9)*(LN(1+Parameters!$B$7)/(60*Parameters!$B$6*Parameters!$B$9))) -> 300.6269 | R9: =(60/LN(1+Parameters!$B$7))*LN(1+(Parameters!$B$5+O9*Q9)*(LN(1+Parameters!$B$7)/(60*Parameters!$B$6*Parameters!$B$9))) -> 373.22002 | S9: =(60/LN(1+Parameters!$B$7))*LN(1+(Parameters!$B$5+O9*R9)*(LN(1+Parameters!$B$7)/(60*Parameters!$B$6*Parameters!$B$9))) -> 405.8652 | T9: =(60/LN(1+Parameters!$B$7))*LN(1+(Parameters!$B$5+O9*S9)*(LN(1+Parameters!$B$7)/(60*Parameters!$B$6*Parameters!$B$9))) -> 419.34594 | U9: =(60/LN(1+Parameters!$B$7))*LN(1+(Parameters!$B$5+O9*T9)*(LN(1+Parameters!$B$7)/(60*Parameters!$B$6*Parameters!$B$9))) -> 424.72143
A10: 6 | B10: =B9+Route!$I$24+Route!$I$26+N9 -> 2703.7237 | C10: =MIN(Parameters!$B$18,LN(1+B10*Parameters!$B$19/Parameters!$B$14)/LN(1+Parameters!$B$19)) -> 85.947624 | D10: =Parameters!$B$20 -> 1.6 | E10: =D10*(1+Parameters!$B$17)^C10 -> 3.762979 | F10: =MIN(Parameters!$B$29,Parameters!$B$30/(E10/(IF(Parameters!$B$28="well",Parameters!$B$26,Parameters!$B$25))*(IF(Parameters!$B$28="well",Parameters!$B$23,Parameters!$B$21)))) -> 0.25 | G10: =Parameters!$B$5+O10*H10 -> 534.40856 | H10: =U10 -> 461.77091 | I10: =Route!$G$24/E10+F10*H10 -> 215.09781 | J10: =MAX(0,H10-I10) -> 246.67309 | K10: =MIN(Route!$G$25,K9+MIN(J10*E10,Route!$G$28+Route!$G$25-Route!$G$27)) -> 1513.7706 | L10: =K10/Route!$G$25 -> 0.84805075 | M10: =IF(J10<=0,"STUCK - overhead exceeds the run",IF(AND(K10>=Route!$G$25,A10>=Route!$G$29,OR(K9<Route!$G$25,A9<Route!$G$29)),"LAB OPENS",IF(AND(K10>=Route!$G$25,A10>Route!$G$29),"(lab already open)",IF(J10<Parameters!$B$37,"dead run","ok")))) -> ok | N10: =Route!$I$25*MAX(0,K10-K9)/Route!$G$25 -> 287.59664 | O10: =MIN(Parameters!$B$30,Parameters!$B$29*E10/(IF(Parameters!$B$28="well",Parameters!$B$26,Parameters!$B$25))*(IF(Parameters!$B$28="well",Parameters!$B$23,Parameters!$B$21))) -> 0.94074475 | P10: =(60/LN(1+Parameters!$B$7))*LN(1+Parameters!$B$5*(LN(1+Parameters!$B$7)/(60*Parameters!$B$6*Parameters!$B$9))) -> 167.5709 | Q10: =(60/LN(1+Parameters!$B$7))*LN(1+(Parameters!$B$5+O10*P10)*(LN(1+Parameters!$B$7)/(60*Parameters!$B$6*Parameters!$B$9))) -> 315.12441 | R10: =(60/LN(1+Parameters!$B$7))*LN(1+(Parameters!$B$5+O10*Q10)*(LN(1+Parameters!$B$7)/(60*Parameters!$B$6*Parameters!$B$9))) -> 400.14187 | S10: =(60/LN(1+Parameters!$B$7))*LN(1+(Parameters!$B$5+O10*R10)*(LN(1+Parameters!$B$7)/(60*Parameters!$B$6*Parameters!$B$9))) -> 439.16483 | T10: =(60/LN(1+Parameters!$B$7))*LN(1+(Parameters!$B$5+O10*S10)*(LN(1+Parameters!$B$7)/(60*Parameters!$B$6*Parameters!$B$9))) -> 455.34079 | U10: =(60/LN(1+Parameters!$B$7))*LN(1+(Parameters!$B$5+O10*T10)*(LN(1+Parameters!$B$7)/(60*Parameters!$B$6*Parameters!$B$9))) -> 461.77091
A11: 7 | B11: =B10+Route!$I$24+Route!$I$26+N10 -> 3288.3204 | C11: =MIN(Parameters!$B$18,LN(1+B11*Parameters!$B$19/Parameters!$B$14)/LN(1+Parameters!$B$19)) -> 97.720721 | D11: =Parameters!$B$20 -> 1.6 | E11: =D11*(1+Parameters!$B$17)^C11 -> 4.2306563 | F11: =MIN(Parameters!$B$29,Parameters!$B$30/(E11/(IF(Parameters!$B$28="well",Parameters!$B$26,Parameters!$B$25))*(IF(Parameters!$B$28="well",Parameters!$B$23,Parameters!$B$21)))) -> 0.23636995 | G11: =Parameters!$B$5+O11*H11 -> 579.7292 | H11: =U11 -> 479.7292 | I11: =Route!$G$24/E11+F11*H11 -> 202.03229 | J11: =MAX(0,H11-I11) -> 277.6969 | K11: =MIN(Route!$G$25,K10+MIN(J11*E11,Route!$G$28+Route!$G$25-Route!$G$27)) -> 1785 | L11: =K11/Route!$G$25 -> 1 | M11: =IF(J11<=0,"STUCK - overhead exceeds the run",IF(AND(K11>=Route!$G$25,A11>=Route!$G$29,OR(K10<Route!$G$25,A10<Route!$G$29)),"LAB OPENS",IF(AND(K11>=Route!$G$25,A11>Route!$G$29),"(lab already open)",IF(J11<Parameters!$B$37,"dead run","ok")))) -> LAB OPENS | N11: =Route!$I$25*MAX(0,K11-K10)/Route!$G$25 -> 216.67963 | O11: =MIN(Parameters!$B$30,Parameters!$B$29*E11/(IF(Parameters!$B$28="well",Parameters!$B$26,Parameters!$B$25))*(IF(Parameters!$B$28="well",Parameters!$B$23,Parameters!$B$21))) -> 1 | P11: =(60/LN(1+Parameters!$B$7))*LN(1+Parameters!$B$5*(LN(1+Parameters!$B$7)/(60*Parameters!$B$6*Parameters!$B$9))) -> 167.5709 | Q11: =(60/LN(1+Parameters!$B$7))*LN(1+(Parameters!$B$5+O11*P11)*(LN(1+Parameters!$B$7)/(60*Parameters!$B$6*Parameters!$B$9))) -> 322.18376 | R11: =(60/LN(1+Parameters!$B$7))*LN(1+(Parameters!$B$5+O11*Q11)*(LN(1+Parameters!$B$7)/(60*Parameters!$B$6*Parameters!$B$9))) -> 413.32508 | S11: =(60/LN(1+Parameters!$B$7))*LN(1+(Parameters!$B$5+O11*R11)*(LN(1+Parameters!$B$7)/(60*Parameters!$B$6*Parameters!$B$9))) -> 455.41907 | T11: =(60/LN(1+Parameters!$B$7))*LN(1+(Parameters!$B$5+O11*S11)*(LN(1+Parameters!$B$7)/(60*Parameters!$B$6*Parameters!$B$9))) -> 472.83836 | U11: =(60/LN(1+Parameters!$B$7))*LN(1+(Parameters!$B$5+O11*T11)*(LN(1+Parameters!$B$7)/(60*Parameters!$B$6*Parameters!$B$9))) -> 479.7292
A12: 8 | B12: =B11+Route!$I$24+Route!$I$26+N11 -> 3802 | C12: =MIN(Parameters!$B$18,LN(1+B12*Parameters!$B$19/Parameters!$B$14)/LN(1+Parameters!$B$19)) -> 100 | D12: =Parameters!$B$20 -> 1.6 | E12: =D12*(1+Parameters!$B$17)^C12 -> 4.3277021 | F12: =MIN(Parameters!$B$29,Parameters!$B$30/(E12/(IF(Parameters!$B$28="well",Parameters!$B$26,Parameters!$B$25))*(IF(Parameters!$B$28="well",Parameters!$B$23,Parameters!$B$21)))) -> 0.23106951 | G12: =Parameters!$B$5+O12*H12 -> 579.7292 | H12: =U12 -> 479.7292 | I12: =Route!$G$24/E12+F12*H12 -> 197.50186 | J12: =MAX(0,H12-I12) -> 282.22734 | K12: =MIN(Route!$G$25,K11+MIN(J12*E12,Route!$G$28+Route!$G$25-Route!$G$27)) -> 1785 | L12: =K12/Route!$G$25 -> 1 | M12: =IF(J12<=0,"STUCK - overhead exceeds the run",IF(AND(K12>=Route!$G$25,A12>=Route!$G$29,OR(K11<Route!$G$25,A11<Route!$G$29)),"LAB OPENS",IF(AND(K12>=Route!$G$25,A12>Route!$G$29),"(lab already open)",IF(J12<Parameters!$B$37,"dead run","ok")))) -> (lab already open) | N12: =Route!$I$25*MAX(0,K12-K11)/Route!$G$25 -> 0 | O12: =MIN(Parameters!$B$30,Parameters!$B$29*E12/(IF(Parameters!$B$28="well",Parameters!$B$26,Parameters!$B$25))*(IF(Parameters!$B$28="well",Parameters!$B$23,Parameters!$B$21))) -> 1 | P12: =(60/LN(1+Parameters!$B$7))*LN(1+Parameters!$B$5*(LN(1+Parameters!$B$7)/(60*Parameters!$B$6*Parameters!$B$9))) -> 167.5709 | Q12: =(60/LN(1+Parameters!$B$7))*LN(1+(Parameters!$B$5+O12*P12)*(LN(1+Parameters!$B$7)/(60*Parameters!$B$6*Parameters!$B$9))) -> 322.18376 | R12: =(60/LN(1+Parameters!$B$7))*LN(1+(Parameters!$B$5+O12*Q12)*(LN(1+Parameters!$B$7)/(60*Parameters!$B$6*Parameters!$B$9))) -> 413.32508 | S12: =(60/LN(1+Parameters!$B$7))*LN(1+(Parameters!$B$5+O12*R12)*(LN(1+Parameters!$B$7)/(60*Parameters!$B$6*Parameters!$B$9))) -> 455.41907 | T12: =(60/LN(1+Parameters!$B$7))*LN(1+(Parameters!$B$5+O12*S12)*(LN(1+Parameters!$B$7)/(60*Parameters!$B$6*Parameters!$B$9))) -> 472.83836 | U12: =(60/LN(1+Parameters!$B$7))*LN(1+(Parameters!$B$5+O12*T12)*(LN(1+Parameters!$B$7)/(60*Parameters!$B$6*Parameters!$B$9))) -> 479.7292
A13: 9 | B13: =B12+Route!$I$24+Route!$I$26+N12 -> 4099 | C13: =MIN(Parameters!$B$18,LN(1+B13*Parameters!$B$19/Parameters!$B$14)/LN(1+Parameters!$B$19)) -> 100 | D13: =Parameters!$B$20 -> 1.6 | E13: =D13*(1+Parameters!$B$17)^C13 -> 4.3277021 | F13: =MIN(Parameters!$B$29,Parameters!$B$30/(E13/(IF(Parameters!$B$28="well",Parameters!$B$26,Parameters!$B$25))*(IF(Parameters!$B$28="well",Parameters!$B$23,Parameters!$B$21)))) -> 0.23106951 | G13: =Parameters!$B$5+O13*H13 -> 579.7292 | H13: =U13 -> 479.7292 | I13: =Route!$G$24/E13+F13*H13 -> 197.50186 | J13: =MAX(0,H13-I13) -> 282.22734 | K13: =MIN(Route!$G$25,K12+MIN(J13*E13,Route!$G$28+Route!$G$25-Route!$G$27)) -> 1785 | L13: =K13/Route!$G$25 -> 1 | M13: =IF(J13<=0,"STUCK - overhead exceeds the run",IF(AND(K13>=Route!$G$25,A13>=Route!$G$29,OR(K12<Route!$G$25,A12<Route!$G$29)),"LAB OPENS",IF(AND(K13>=Route!$G$25,A13>Route!$G$29),"(lab already open)",IF(J13<Parameters!$B$37,"dead run","ok")))) -> (lab already open) | N13: =Route!$I$25*MAX(0,K13-K12)/Route!$G$25 -> 0 | O13: =MIN(Parameters!$B$30,Parameters!$B$29*E13/(IF(Parameters!$B$28="well",Parameters!$B$26,Parameters!$B$25))*(IF(Parameters!$B$28="well",Parameters!$B$23,Parameters!$B$21))) -> 1 | P13: =(60/LN(1+Parameters!$B$7))*LN(1+Parameters!$B$5*(LN(1+Parameters!$B$7)/(60*Parameters!$B$6*Parameters!$B$9))) -> 167.5709 | Q13: =(60/LN(1+Parameters!$B$7))*LN(1+(Parameters!$B$5+O13*P13)*(LN(1+Parameters!$B$7)/(60*Parameters!$B$6*Parameters!$B$9))) -> 322.18376 | R13: =(60/LN(1+Parameters!$B$7))*LN(1+(Parameters!$B$5+O13*Q13)*(LN(1+Parameters!$B$7)/(60*Parameters!$B$6*Parameters!$B$9))) -> 413.32508 | S13: =(60/LN(1+Parameters!$B$7))*LN(1+(Parameters!$B$5+O13*R13)*(LN(1+Parameters!$B$7)/(60*Parameters!$B$6*Parameters!$B$9))) -> 455.41907 | T13: =(60/LN(1+Parameters!$B$7))*LN(1+(Parameters!$B$5+O13*S13)*(LN(1+Parameters!$B$7)/(60*Parameters!$B$6*Parameters!$B$9))) -> 472.83836 | U13: =(60/LN(1+Parameters!$B$7))*LN(1+(Parameters!$B$5+O13*T13)*(LN(1+Parameters!$B$7)/(60*Parameters!$B$6*Parameters!$B$9))) -> 479.7292
A14: 10 | B14: =B13+Route!$I$24+Route!$I$26+N13 -> 4396 | C14: =MIN(Parameters!$B$18,LN(1+B14*Parameters!$B$19/Parameters!$B$14)/LN(1+Parameters!$B$19)) -> 100 | D14: =Parameters!$B$20 -> 1.6 | E14: =D14*(1+Parameters!$B$17)^C14 -> 4.3277021 | F14: =MIN(Parameters!$B$29,Parameters!$B$30/(E14/(IF(Parameters!$B$28="well",Parameters!$B$26,Parameters!$B$25))*(IF(Parameters!$B$28="well",Parameters!$B$23,Parameters!$B$21)))) -> 0.23106951 | G14: =Parameters!$B$5+O14*H14 -> 579.7292 | H14: =U14 -> 479.7292 | I14: =Route!$G$24/E14+F14*H14 -> 197.50186 | J14: =MAX(0,H14-I14) -> 282.22734 | K14: =MIN(Route!$G$25,K13+MIN(J14*E14,Route!$G$28+Route!$G$25-Route!$G$27)) -> 1785 | L14: =K14/Route!$G$25 -> 1 | M14: =IF(J14<=0,"STUCK - overhead exceeds the run",IF(AND(K14>=Route!$G$25,A14>=Route!$G$29,OR(K13<Route!$G$25,A13<Route!$G$29)),"LAB OPENS",IF(AND(K14>=Route!$G$25,A14>Route!$G$29),"(lab already open)",IF(J14<Parameters!$B$37,"dead run","ok")))) -> (lab already open) | N14: =Route!$I$25*MAX(0,K14-K13)/Route!$G$25 -> 0 | O14: =MIN(Parameters!$B$30,Parameters!$B$29*E14/(IF(Parameters!$B$28="well",Parameters!$B$26,Parameters!$B$25))*(IF(Parameters!$B$28="well",Parameters!$B$23,Parameters!$B$21))) -> 1 | P14: =(60/LN(1+Parameters!$B$7))*LN(1+Parameters!$B$5*(LN(1+Parameters!$B$7)/(60*Parameters!$B$6*Parameters!$B$9))) -> 167.5709 | Q14: =(60/LN(1+Parameters!$B$7))*LN(1+(Parameters!$B$5+O14*P14)*(LN(1+Parameters!$B$7)/(60*Parameters!$B$6*Parameters!$B$9))) -> 322.18376 | R14: =(60/LN(1+Parameters!$B$7))*LN(1+(Parameters!$B$5+O14*Q14)*(LN(1+Parameters!$B$7)/(60*Parameters!$B$6*Parameters!$B$9))) -> 413.32508 | S14: =(60/LN(1+Parameters!$B$7))*LN(1+(Parameters!$B$5+O14*R14)*(LN(1+Parameters!$B$7)/(60*Parameters!$B$6*Parameters!$B$9))) -> 455.41907 | T14: =(60/LN(1+Parameters!$B$7))*LN(1+(Parameters!$B$5+O14*S14)*(LN(1+Parameters!$B$7)/(60*Parameters!$B$6*Parameters!$B$9))) -> 472.83836 | U14: =(60/LN(1+Parameters!$B$7))*LN(1+(Parameters!$B$5+O14*T14)*(LN(1+Parameters!$B$7)/(60*Parameters!$B$6*Parameters!$B$9))) -> 479.7292
A15: 11 | B15: =B14+Route!$I$24+Route!$I$26+N14 -> 4693 | C15: =MIN(Parameters!$B$18,LN(1+B15*Parameters!$B$19/Parameters!$B$14)/LN(1+Parameters!$B$19)) -> 100 | D15: =Parameters!$B$20 -> 1.6 | E15: =D15*(1+Parameters!$B$17)^C15 -> 4.3277021 | F15: =MIN(Parameters!$B$29,Parameters!$B$30/(E15/(IF(Parameters!$B$28="well",Parameters!$B$26,Parameters!$B$25))*(IF(Parameters!$B$28="well",Parameters!$B$23,Parameters!$B$21)))) -> 0.23106951 | G15: =Parameters!$B$5+O15*H15 -> 579.7292 | H15: =U15 -> 479.7292 | I15: =Route!$G$24/E15+F15*H15 -> 197.50186 | J15: =MAX(0,H15-I15) -> 282.22734 | K15: =MIN(Route!$G$25,K14+MIN(J15*E15,Route!$G$28+Route!$G$25-Route!$G$27)) -> 1785 | L15: =K15/Route!$G$25 -> 1 | M15: =IF(J15<=0,"STUCK - overhead exceeds the run",IF(AND(K15>=Route!$G$25,A15>=Route!$G$29,OR(K14<Route!$G$25,A14<Route!$G$29)),"LAB OPENS",IF(AND(K15>=Route!$G$25,A15>Route!$G$29),"(lab already open)",IF(J15<Parameters!$B$37,"dead run","ok")))) -> (lab already open) | N15: =Route!$I$25*MAX(0,K15-K14)/Route!$G$25 -> 0 | O15: =MIN(Parameters!$B$30,Parameters!$B$29*E15/(IF(Parameters!$B$28="well",Parameters!$B$26,Parameters!$B$25))*(IF(Parameters!$B$28="well",Parameters!$B$23,Parameters!$B$21))) -> 1 | P15: =(60/LN(1+Parameters!$B$7))*LN(1+Parameters!$B$5*(LN(1+Parameters!$B$7)/(60*Parameters!$B$6*Parameters!$B$9))) -> 167.5709 | Q15: =(60/LN(1+Parameters!$B$7))*LN(1+(Parameters!$B$5+O15*P15)*(LN(1+Parameters!$B$7)/(60*Parameters!$B$6*Parameters!$B$9))) -> 322.18376 | R15: =(60/LN(1+Parameters!$B$7))*LN(1+(Parameters!$B$5+O15*Q15)*(LN(1+Parameters!$B$7)/(60*Parameters!$B$6*Parameters!$B$9))) -> 413.32508 | S15: =(60/LN(1+Parameters!$B$7))*LN(1+(Parameters!$B$5+O15*R15)*(LN(1+Parameters!$B$7)/(60*Parameters!$B$6*Parameters!$B$9))) -> 455.41907 | T15: =(60/LN(1+Parameters!$B$7))*LN(1+(Parameters!$B$5+O15*S15)*(LN(1+Parameters!$B$7)/(60*Parameters!$B$6*Parameters!$B$9))) -> 472.83836 | U15: =(60/LN(1+Parameters!$B$7))*LN(1+(Parameters!$B$5+O15*T15)*(LN(1+Parameters!$B$7)/(60*Parameters!$B$6*Parameters!$B$9))) -> 479.7292
A16: 12 | B16: =B15+Route!$I$24+Route!$I$26+N15 -> 4990 | C16: =MIN(Parameters!$B$18,LN(1+B16*Parameters!$B$19/Parameters!$B$14)/LN(1+Parameters!$B$19)) -> 100 | D16: =Parameters!$B$20 -> 1.6 | E16: =D16*(1+Parameters!$B$17)^C16 -> 4.3277021 | F16: =MIN(Parameters!$B$29,Parameters!$B$30/(E16/(IF(Parameters!$B$28="well",Parameters!$B$26,Parameters!$B$25))*(IF(Parameters!$B$28="well",Parameters!$B$23,Parameters!$B$21)))) -> 0.23106951 | G16: =Parameters!$B$5+O16*H16 -> 579.7292 | H16: =U16 -> 479.7292 | I16: =Route!$G$24/E16+F16*H16 -> 197.50186 | J16: =MAX(0,H16-I16) -> 282.22734 | K16: =MIN(Route!$G$25,K15+MIN(J16*E16,Route!$G$28+Route!$G$25-Route!$G$27)) -> 1785 | L16: =K16/Route!$G$25 -> 1 | M16: =IF(J16<=0,"STUCK - overhead exceeds the run",IF(AND(K16>=Route!$G$25,A16>=Route!$G$29,OR(K15<Route!$G$25,A15<Route!$G$29)),"LAB OPENS",IF(AND(K16>=Route!$G$25,A16>Route!$G$29),"(lab already open)",IF(J16<Parameters!$B$37,"dead run","ok")))) -> (lab already open) | N16: =Route!$I$25*MAX(0,K16-K15)/Route!$G$25 -> 0 | O16: =MIN(Parameters!$B$30,Parameters!$B$29*E16/(IF(Parameters!$B$28="well",Parameters!$B$26,Parameters!$B$25))*(IF(Parameters!$B$28="well",Parameters!$B$23,Parameters!$B$21))) -> 1 | P16: =(60/LN(1+Parameters!$B$7))*LN(1+Parameters!$B$5*(LN(1+Parameters!$B$7)/(60*Parameters!$B$6*Parameters!$B$9))) -> 167.5709 | Q16: =(60/LN(1+Parameters!$B$7))*LN(1+(Parameters!$B$5+O16*P16)*(LN(1+Parameters!$B$7)/(60*Parameters!$B$6*Parameters!$B$9))) -> 322.18376 | R16: =(60/LN(1+Parameters!$B$7))*LN(1+(Parameters!$B$5+O16*Q16)*(LN(1+Parameters!$B$7)/(60*Parameters!$B$6*Parameters!$B$9))) -> 413.32508 | S16: =(60/LN(1+Parameters!$B$7))*LN(1+(Parameters!$B$5+O16*R16)*(LN(1+Parameters!$B$7)/(60*Parameters!$B$6*Parameters!$B$9))) -> 455.41907 | T16: =(60/LN(1+Parameters!$B$7))*LN(1+(Parameters!$B$5+O16*S16)*(LN(1+Parameters!$B$7)/(60*Parameters!$B$6*Parameters!$B$9))) -> 472.83836 | U16: =(60/LN(1+Parameters!$B$7))*LN(1+(Parameters!$B$5+O16*T16)*(LN(1+Parameters!$B$7)/(60*Parameters!$B$6*Parameters!$B$9))) -> 479.7292
A17: 13 | B17: =B16+Route!$I$24+Route!$I$26+N16 -> 5287 | C17: =MIN(Parameters!$B$18,LN(1+B17*Parameters!$B$19/Parameters!$B$14)/LN(1+Parameters!$B$19)) -> 100 | D17: =Parameters!$B$20 -> 1.6 | E17: =D17*(1+Parameters!$B$17)^C17 -> 4.3277021 | F17: =MIN(Parameters!$B$29,Parameters!$B$30/(E17/(IF(Parameters!$B$28="well",Parameters!$B$26,Parameters!$B$25))*(IF(Parameters!$B$28="well",Parameters!$B$23,Parameters!$B$21)))) -> 0.23106951 | G17: =Parameters!$B$5+O17*H17 -> 579.7292 | H17: =U17 -> 479.7292 | I17: =Route!$G$24/E17+F17*H17 -> 197.50186 | J17: =MAX(0,H17-I17) -> 282.22734 | K17: =MIN(Route!$G$25,K16+MIN(J17*E17,Route!$G$28+Route!$G$25-Route!$G$27)) -> 1785 | L17: =K17/Route!$G$25 -> 1 | M17: =IF(J17<=0,"STUCK - overhead exceeds the run",IF(AND(K17>=Route!$G$25,A17>=Route!$G$29,OR(K16<Route!$G$25,A16<Route!$G$29)),"LAB OPENS",IF(AND(K17>=Route!$G$25,A17>Route!$G$29),"(lab already open)",IF(J17<Parameters!$B$37,"dead run","ok")))) -> (lab already open) | N17: =Route!$I$25*MAX(0,K17-K16)/Route!$G$25 -> 0 | O17: =MIN(Parameters!$B$30,Parameters!$B$29*E17/(IF(Parameters!$B$28="well",Parameters!$B$26,Parameters!$B$25))*(IF(Parameters!$B$28="well",Parameters!$B$23,Parameters!$B$21))) -> 1 | P17: =(60/LN(1+Parameters!$B$7))*LN(1+Parameters!$B$5*(LN(1+Parameters!$B$7)/(60*Parameters!$B$6*Parameters!$B$9))) -> 167.5709 | Q17: =(60/LN(1+Parameters!$B$7))*LN(1+(Parameters!$B$5+O17*P17)*(LN(1+Parameters!$B$7)/(60*Parameters!$B$6*Parameters!$B$9))) -> 322.18376 | R17: =(60/LN(1+Parameters!$B$7))*LN(1+(Parameters!$B$5+O17*Q17)*(LN(1+Parameters!$B$7)/(60*Parameters!$B$6*Parameters!$B$9))) -> 413.32508 | S17: =(60/LN(1+Parameters!$B$7))*LN(1+(Parameters!$B$5+O17*R17)*(LN(1+Parameters!$B$7)/(60*Parameters!$B$6*Parameters!$B$9))) -> 455.41907 | T17: =(60/LN(1+Parameters!$B$7))*LN(1+(Parameters!$B$5+O17*S17)*(LN(1+Parameters!$B$7)/(60*Parameters!$B$6*Parameters!$B$9))) -> 472.83836 | U17: =(60/LN(1+Parameters!$B$7))*LN(1+(Parameters!$B$5+O17*T17)*(LN(1+Parameters!$B$7)/(60*Parameters!$B$6*Parameters!$B$9))) -> 479.7292
... A34: 30 | B34: =B33+Route!$I$24+Route!$I$26+N33 -> 10336 | C34: =MIN(Parameters!$B$18,LN(1+B34*Parameters!$B$19/Parameters!$B$14)/LN(1+Parameters!$B$19)) -> 100 | D34: =Parameters!$B$20 -> 1.6 | E34: =D34*(1+Parameters!$B$17)^C34 -> 4.3277021 | F34: =MIN(Parameters!$B$29,Parameters!$B$30/(E34/(IF(Parameters!$B$28="well",Parameters!$B$26,Parameters!$B$25))*(IF(Parameters!$B$28="well",Parameters!$B$23,Parameters!$B$21)))) -> 0.23106951 | G34: =Parameters!$B$5+O34*H34 -> 579.7292 | H34: =U34 -> 479.7292 | I34: =Route!$G$24/E34+F34*H34 -> 197.50186 | J34: =MAX(0,H34-I34) -> 282.22734 | K34: =MIN(Route!$G$25,K33+MIN(J34*E34,Route!$G$28+Route!$G$25-Route!$G$27)) -> 1785 | L34: =K34/Route!$G$25 -> 1 | M34: =IF(J34<=0,"STUCK - overhead exceeds the run",IF(AND(K34>=Route!$G$25,A34>=Route!$G$29,OR(K33<Route!$G$25,A33<Route!$G$29)),"LAB OPENS",IF(AND(K34>=Route!$G$25,A34>Route!$G$29),"(lab already open)",IF(J34<Parameters!$B$37,"dead run","ok")))) -> (lab already open) | N34: =Route!$I$25*MAX(0,K34-K33)/Route!$G$25 -> 0 | O34: =MIN(Parameters!$B$30,Parameters!$B$29*E34/(IF(Parameters!$B$28="well",Parameters!$B$26,Parameters!$B$25))*(IF(Parameters!$B$28="well",Parameters!$B$23,Parameters!$B$21))) -> 1 | P34: =(60/LN(1+Parameters!$B$7))*LN(1+Parameters!$B$5*(LN(1+Parameters!$B$7)/(60*Parameters!$B$6*Parameters!$B$9))) -> 167.5709 | Q34: =(60/LN(1+Parameters!$B$7))*LN(1+(Parameters!$B$5+O34*P34)*(LN(1+Parameters!$B$7)/(60*Parameters!$B$6*Parameters!$B$9))) -> 322.18376 | R34: =(60/LN(1+Parameters!$B$7))*LN(1+(Parameters!$B$5+O34*Q34)*(LN(1+Parameters!$B$7)/(60*Parameters!$B$6*Parameters!$B$9))) -> 413.32508 | S34: =(60/LN(1+Parameters!$B$7))*LN(1+(Parameters!$B$5+O34*R34)*(LN(1+Parameters!$B$7)/(60*Parameters!$B$6*Parameters!$B$9))) -> 455.41907 | T34: =(60/LN(1+Parameters!$B$7))*LN(1+(Parameters!$B$5+O34*S34)*(LN(1+Parameters!$B$7)/(60*Parameters!$B$6*Parameters!$B$9))) -> 472.83836 | U34: =(60/LN(1+Parameters!$B$7))*LN(1+(Parameters!$B$5+O34*T34)*(LN(1+Parameters!$B$7)/(60*Parameters!$B$6*Parameters!$B$9))) -> 479.7292

Sheet Checks
A1: Checks
A2: Each row is a thing that decides whether Act I plays well. CHECK means a balance problem.
A4: # | B4: Question | C4: Value | D4: Wanted | E4: Verdict
A5: 1 | B5: Is the player ever stuck? (overhead >= run length) | C5: =COUNTIF('Run Progression'!M5:M34,"STUCK - overhead exceeds the run") -> 0 | D5: zero | E5: =IF(C5=0,"OK","CHECK") -> OK
A6: 2 | B6: How many runs to open the lab? | C6: =IFERROR(MATCH("LAB OPENS",'Run Progression'!M5:M34,0),999) -> 7 | D6: =Parameters!$B$34 -> 14 | E6: =IF(C6<=Parameters!$B$34,"OK","CHECK") -> OK
A7: 3 | B7: How many dead runs (progress below the floor)? | C7: =COUNTIF('Run Progression'!M5:M34,"dead run") -> 0 | D7: zero | E7: =IF(C7=0,"OK","CHECK") -> OK
A8: 4 | B8: First run length (seconds) | C8: ='Run Progression'!H5 -> 299.8965 | D8: =Parameters!$B$35 -> 300 | E8: =IF(ABS(C8-Parameters!$B$35)<=60,"OK","CHECK") -> OK
A9: 5 | B9: Run length at the lab (seconds) | C9: =IFERROR(INDEX('Run Progression'!H5:H34,MATCH("LAB OPENS",'Run Progression'!M5:M34,0)),0) -> 479.7292 | D9: between the targets | E9: =IF(AND(C9>=Parameters!$B$35,C9<=Parameters!$B$36),"OK","CHECK") -> OK
A10: 6 | B10: Does run length actually grow? (last vs first) | C10: ='Run Progression'!H34-'Run Progression'!H5 -> 179.8327 | D10: above zero | E10: =IF(C10>0,"OK","CHECK") -> OK
A11: 7 | B11: Overhead as a share of run 1 | C11: ='Run Progression'!I5/'Run Progression'!H5 -> 0.93046985 | D11: below 70% | E11: =IF(C11<0.7,"OK","CHECK") -> CHECK
A12: 8 | B12: Speed multiplier by run 10 | C12: ='Run Progression'!E14 -> 4.3277021 | D12: 1.5x or more | E12: =IF(C12>=1.5,"OK","CHECK") -> OK
B14: Checks failing | C14: =COUNTIF(E5:E12,"CHECK") -> 1
B17: WHICH DIAL FIXES WHAT
B18: 1 STUCK: overhead is too big. Cut travel times, cut the candle count, or raise starting vitality.
B19: 2 Too many runs to the lab: cut the Progress totals on the Route sheet, or speed up explores.
B20: 3 Dead runs: each run must buy at least a little progress. Same fixes as 1.
B21: 4-5 Run length wrong: growth per minute (Parameters B7) is the master dial, not item strength.
B22: 6 Run length not growing: the XP curve is too flat. Raise XP per action or lower level costs.
B23: 7 Overhead over 70%: the player spends the run equipping and never playing. Cut the chain.
B24: 8 Speed too flat by run 10: mastery is not paying, so the 'number go up' pleasure is absent.
