Workbook

Sheet Read Me
A1: The Hall of Echoing Mirrors - Lock & Key Graph
A2: Dependency map, reachability check and pacing model for the switch economy. v0.1, greybox.
A4: What this models
A5: Mastery makes runs FASTER. Only a new milestone (a switch flipped for the first time) earns gems.
A6: Gems buy meta attributes. Meta attributes are what let Clara reach the NEXT switch.
A7: Switch keys sit in other realms, so progress in one realm funds progress in another.
A9: Sheets
A10: Parameters Every tunable number. Blue cells are yours to edit; everything else is a formula.
A11: Switch Graph All 63 switches: realm, tier, requirements, rewards, estimated runs.
A12: Dependencies The same graph as an edge list (one row per requirement). Use for diagramming.
A13: Reachability Open options at every step of the game, with an automatic deadlock check.
A14: Pacing Model Total runs and hours, by phase, against your target length.
... A25: Steps 61-63 narrow to a single option on purpose: that is the finale funnel.

Sheet Parameters
A1: Parameters
A2: Blue cells are inputs. Change these, not the formulas elsewhere.
A4: RUN COUNTS
A5: Base runs - minor switch | B5: 2 | C5: Runs to reach and flip a tier-1 minor switch
A6: Base runs - major switch | B6: 5 | C6: Runs to reach and flip a tier-1 major switch
A7: Global pacing multiplier | B7: 1 | C7: Scales every switch at once. Your master length dial.
A9: TIER MULTIPLIERS
A10: Tier | B10: Multiplier
A11: 1 | B11: 1 | C11: Tier 1 = early, single realm. Tier 2 = first cross-realm weave. Tier 3 = late web.
A12: 2 | B12: 1.6
A13: 3 | B13: 2
A15: RUN LENGTH
A16: Minutes per run - Early | B16: 2.5 | C16: Short loops, one realm
A17: Minutes per run - Mid | B17: 5.5 | C17: Two or three realms per run
A18: Minutes per run - Late | B18: 10 | C18: Long routes through the web
A19: Planning minutes between runs | B19: 0.75 | C19: Hub time: allocate, re-script, review
A21: PHASE BOUNDARIES
A22: Early phase ends at step | B22: 20 | C22: Switch number, not run number
A23: Mid phase ends at step | B23: 45
A24: Finale funnel starts at step | B24: 61 | C24: Below this, narrow choice is intentional
A26: CHOICE WIDTH BAND
A27: Minimum open options | B27: 2 | C27: Fewer than this is a forced corridor
A28: Maximum open options - early/mid | B28: 5 | C28: More than this is paralysing early
A29: Maximum open options - late | B29: 8 | C29: A wide endgame web is the goal
A31: TARGET LENGTH
A32: Target hours - low | B32: 40 | C32: From design doc v0.2 section 1
A33: Target hours - high | B33: 60 | C33: From design doc v0.2 section 1

Sheet Switch Graph
A1: Switch Graph
A2: One row per switch. Blue columns are inputs. Requires lists prerequisite switch IDs; Unlock Step is the step after the last prerequisite is flipped.
A4: ID | B4: Realm | C4: Switch | D4: Type | E4: Tier | F4: Requires | G4: Unlock Step | H4: Flip Step | I4: Gems | J4: Reward / Key granted | K4: Phase | L4: Est. Runs | M4: Min / Run | N4: Est. Minutes
A5: RED-1 | B5: Red | C5: Ember Hearth - kindle a dead hearth | D5: Minor | E5: 1 | F5: - | G5: 1 | H5: 1 | I5: 0 | J5: - | K5: =IF(H5<=Parameters!$B$22,"Early",IF(H5<=Parameters!$B$23,"Mid","Late")) -> Early | L5: =ROUND(IF(D5="Minor",Parameters!$B$5,Parameters!$B$6)*INDEX(Parameters!$B$11:$B$13,MATCH(E5,Parameters!$A$11:$A$13,0))*Parameters!$B$7,0) -> 2 | M5: =IF(K5="Early",Parameters!$B$16,IF(K5="Mid",Parameters!$B$17,Parameters!$B$18)) -> 2.5 | N5: =L5*(M5+Parameters!$B$19) -> 6.5
A6: RED-2 | B6: Red | C6: Cracked Lintel - hold a doorframe together | D6: Minor | E6: 1 | F6: RED-1 | G6: 2 | H6: 2 | I6: 0 | J6: - | K6: =IF(H6<=Parameters!$B$22,"Early",IF(H6<=Parameters!$B$23,"Mid","Late")) -> Early | L6: =ROUND(IF(D6="Minor",Parameters!$B$5,Parameters!$B$6)*INDEX(Parameters!$B$11:$B$13,MATCH(E6,Parameters!$A$11:$A$13,0))*Parameters!$B$7,0) -> 2 | M6: =IF(K6="Early",Parameters!$B$16,IF(K6="Mid",Parameters!$B$17,Parameters!$B$18)) -> 2.5 | N6: =L6*(M6+Parameters!$B$19) -> 6.5
A7: HALL-1 | B7: Hall | C7: The Guttering Sconce - relight the corridor | D7: Minor | E7: 1 | F7: - | G7: 1 | H7: 3 | I7: 0 | J7: Hall drain -10% | K7: =IF(H7<=Parameters!$B$22,"Early",IF(H7<=Parameters!$B$23,"Mid","Late")) -> Early | L7: =ROUND(IF(D7="Minor",Parameters!$B$5,Parameters!$B$6)*INDEX(Parameters!$B$11:$B$13,MATCH(E7,Parameters!$A$11:$A$13,0))*Parameters!$B$7,0) -> 2 | M7: =IF(K7="Early",Parameters!$B$16,IF(K7="Mid",Parameters!$B$17,Parameters!$B$18)) -> 2.5 | N7: =L7*(M7+Parameters!$B$19) -> 6.5
A8: RED-3 | B8: Red | C8: The Ash Choir - listen to the burned sing | D8: Minor | E8: 1 | F8: RED-1 | G8: 2 | H8: 4 | I8: 0 | J8: - | K8: =IF(H8<=Parameters!$B$22,"Early",IF(H8<=Parameters!$B$23,"Mid","Late")) -> Early | L8: =ROUND(IF(D8="Minor",Parameters!$B$5,Parameters!$B$6)*INDEX(Parameters!$B$11:$B$13,MATCH(E8,Parameters!$A$11:$A$13,0))*Parameters!$B$7,0) -> 2 | M8: =IF(K8="Early",Parameters!$B$16,IF(K8="Mid",Parameters!$B$17,Parameters!$B$18)) -> 2.5 | N8: =L8*(M8+Parameters!$B$19) -> 6.5
A9: RED-4 | B9: Red | C9: Slagged Bell - reforge the clapper | D9: Minor | E9: 1 | F9: RED-2 | G9: 3 | H9: 5 | I9: 0 | J9: - | K9: =IF(H9<=Parameters!$B$22,"Early",IF(H9<=Parameters!$B$23,"Mid","Late")) -> Early | L9: =ROUND(IF(D9="Minor",Parameters!$B$5,Parameters!$B$6)*INDEX(Parameters!$B$11:$B$13,MATCH(E9,Parameters!$A$11:$A$13,0))*Parameters!$B$7,0) -> 2 | M9: =IF(K9="Early",Parameters!$B$16,IF(K9="Mid",Parameters!$B$17,Parameters!$B$18)) -> 2.5 | N9: =L9*(M9+Parameters!$B$19) -> 6.5
A10: HUB-1 | B10: Hub | C10: Roland's Notes I - the first legible page | D10: Minor | E10: 1 | F10: - | G10: 1 | H10: 6 | I10: 0 | J10: Spell: Kindle (Red) | K10: =IF(H10<=Parameters!$B$22,"Early",IF(H10<=Parameters!$B$23,"Mid","Late")) -> Early | L10: =ROUND(IF(D10="Minor",Parameters!$B$5,Parameters!$B$6)*INDEX(Parameters!$B$11:$B$13,MATCH(E10,Parameters!$A$11:$A$13,0))*Parameters!$B$7,0) -> 2 | M10: =IF(K10="Early",Parameters!$B$16,IF(K10="Mid",Parameters!$B$17,Parameters!$B$18)) -> 2.5 | N10: =L10*(M10+Parameters!$B$19) -> 6.5
A11: RED-M1 | B11: Red | C11: The Broken Span - repair the canal bridge | D11: Major | E11: 1 | F11: RED-2, RED-3 | G11: 5 | H11: 7 | I11: 2 | J11: Opens Red deep ward | K11: =IF(H11<=Parameters!$B$22,"Early",IF(H11<=Parameters!$B$23,"Mid","Late")) -> Early | L11: =ROUND(IF(D11="Minor",Parameters!$B$5,Parameters!$B$6)*INDEX(Parameters!$B$11:$B$13,MATCH(E11,Parameters!$A$11:$A$13,0))*Parameters!$B$7,0) -> 5 | M11: =IF(K11="Early",Parameters!$B$16,IF(K11="Mid",Parameters!$B$17,Parameters!$B$18)) -> 2.5 | N11: =L11*(M11+Parameters!$B$19) -> 16.25
A12: AMB-1 | B12: Amber | C12: The Clinging Path - unstick her own feet | D12: Minor | E12: 1 | F12: RED-3 | G12: 5 | H12: 8 | I12: 0 | J12: - | K12: =IF(H12<=Parameters!$B$22,"Early",IF(H12<=Parameters!$B$23,"Mid","Late")) -> Early | L12: =ROUND(IF(D12="Minor",Parameters!$B$5,Parameters!$B$6)*INDEX(Parameters!$B$11:$B$13,MATCH(E12,Parameters!$A$11:$A$13,0))*Parameters!$B$7,0) -> 2 | M12: =IF(K12="Early",Parameters!$B$16,IF(K12="Mid",Parameters!$B$17,Parameters!$B$18)) -> 2.5 | N12: =L12*(M12+Parameters!$B$19) -> 6.5
A13: AMB-2 | B13: Amber | C13: Suspended Rain - walk between the drops | D13: Minor | E13: 1 | F13: AMB-1 | G13: 9 | H13: 9 | I13: 0 | J13: - | K13: =IF(H13<=Parameters!$B$22,"Early",IF(H13<=Parameters!$B$23,"Mid","Late")) -> Early | L13: =ROUND(IF(D13="Minor",Parameters!$B$5,Parameters!$B$6)*INDEX(Parameters!$B$11:$B$13,MATCH(E13,Parameters!$A$11:$A$13,0))*Parameters!$B$7,0) -> 2 | M13: =IF(K13="Early",Parameters!$B$16,IF(K13="Mid",Parameters!$B$17,Parameters!$B$18)) -> 2.5 | N13: =L13*(M13+Parameters!$B$19) -> 6.5
A14: AMB-3 | B14: Amber | C14: The Held Breath - a room that will not exhale | D14: Minor | E14: 1 | F14: AMB-1 | G14: 9 | H14: 10 | I14: 0 | J14: - | K14: =IF(H14<=Parameters!$B$22,"Early",IF(H14<=Parameters!$B$23,"Mid","Late")) -> Early | L14: =ROUND(IF(D14="Minor",Parameters!$B$5,Parameters!$B$6)*INDEX(Parameters!$B$11:$B$13,MATCH(E14,Parameters!$A$11:$A$13,0))*Parameters!$B$7,0) -> 2 | M14: =IF(K14="Early",Parameters!$B$16,IF(K14="Mid",Parameters!$B$17,Parameters!$B$18)) -> 2.5 | N14: =L14*(M14+Parameters!$B$19) -> 6.5
A15: RED-5 | B15: Red | C15: The Kiln Stair - climb the still-hot flue | D15: Minor | E15: 2 | F15: RED-M1 | G15: 8 | H15: 11 | I15: 0 | J15: - | K15: =IF(H15<=Parameters!$B$22,"Early",IF(H15<=Parameters!$B$23,"Mid","Late")) -> Early | L15: =ROUND(IF(D15="Minor",Parameters!$B$5,Parameters!$B$6)*INDEX(Parameters!$B$11:$B$13,MATCH(E15,Parameters!$A$11:$A$13,0))*Parameters!$B$7,0) -> 3 | M15: =IF(K15="Early",Parameters!$B$16,IF(K15="Mid",Parameters!$B$17,Parameters!$B$18)) -> 2.5 | N15: =L15*(M15+Parameters!$B$19) -> 9.75
A16: AMB-4 | B16: Amber | C16: Resin Ledger - peel a page from the block | D16: Minor | E16: 1 | F16: AMB-2 | G16: 10 | H16: 12 | I16: 0 | J16: - | K16: =IF(H16<=Parameters!$B$22,"Early",IF(H16<=Parameters!$B$23,"Mid","Late")) -> Early | L16: =ROUND(IF(D16="Minor",Parameters!$B$5,Parameters!$B$6)*INDEX(Parameters!$B$11:$B$13,MATCH(E16,Parameters!$A$11:$A$13,0))*Parameters!$B$7,0) -> 2 | M16: =IF(K16="Early",Parameters!$B$16,IF(K16="Mid",Parameters!$B$17,Parameters!$B$18)) -> 2.5 | N16: =L16*(M16+Parameters!$B$19) -> 6.5
... A67: VIO-M3 | B67: Violet | C67: The Reconciliation - the way out | D67: Major | E67: 3 | F67: VIO-M2 | G67: 63 | H67: 63 | I67: 0 | J67: Ending | K67: =IF(H67<=Parameters!$B$22,"Early",IF(H67<=Parameters!$B$23,"Mid","Late")) -> Late | L67: =ROUND(IF(D67="Minor",Parameters!$B$5,Parameters!$B$6)*INDEX(Parameters!$B$11:$B$13,MATCH(E67,Parameters!$A$11:$A$13,0))*Parameters!$B$7,0) -> 10 | M67: =IF(K67="Early",Parameters!$B$16,IF(K67="Mid",Parameters!$B$17,Parameters!$B$18)) -> 10 | N67: =L67*(M67+Parameters!$B$19) -> 107.5

Sheet Dependencies
A1: Dependency Edge List
A2: One row per requirement. 'Cross-realm' marks the edges that force the player to change realm.
A4: From (prerequisite) | B4: From Realm | C4: To (unlocks) | D4: To Realm | E4: Cross-realm? | F4: To Tier | H4: Total edges | I4: =COUNTA(A5:A101) -> 97
A5: RED-1 | B5: Red | C5: RED-2 | D5: Red | E5: =IF(B5=D5,"","CROSS-REALM") | F5: 1 | H5: Cross-realm edges | I5: =COUNTIF(E5:E101,"CROSS-REALM") -> 39
A6: RED-1 | B6: Red | C6: RED-3 | D6: Red | E6: =IF(B6=D6,"","CROSS-REALM") | F6: 1 | H6: Cross-realm share | I6: =IFERROR(I5/I4,0) -> 0.40206186
A7: RED-2 | B7: Red | C7: RED-4 | D7: Red | E7: =IF(B7=D7,"","CROSS-REALM") | F7: 1
A8: RED-2 | B8: Red | C8: RED-M1 | D8: Red | E8: =IF(B8=D8,"","CROSS-REALM") | F8: 1
A9: RED-3 | B9: Red | C9: RED-M1 | D9: Red | E9: =IF(B9=D9,"","CROSS-REALM") | F9: 1
A10: RED-3 | B10: Red | C10: AMB-1 | D10: Amber | E10: =IF(B10=D10,"","CROSS-REALM") -> CROSS-REALM | F10: 1
A11: AMB-1 | B11: Amber | C11: AMB-2 | D11: Amber | E11: =IF(B11=D11,"","CROSS-REALM") | F11: 1
A12: AMB-1 | B12: Amber | C12: AMB-3 | D12: Amber | E12: =IF(B12=D12,"","CROSS-REALM") | F12: 1
A13: RED-M1 | B13: Red | C13: RED-5 | D13: Red | E13: =IF(B13=D13,"","CROSS-REALM") | F13: 2
A14: AMB-2 | B14: Amber | C14: AMB-4 | D14: Amber | E14: =IF(B14=D14,"","CROSS-REALM") | F14: 1
A15: AMB-2 | B15: Amber | C15: AMB-M1 | D15: Amber | E15: =IF(B15=D15,"","CROSS-REALM") | F15: 1
A16: AMB-3 | B16: Amber | C16: AMB-M1 | D16: Amber | E16: =IF(B16=D16,"","CROSS-REALM") | F16: 1
A17: RED-M1 | B17: Red | C17: AMB-M1 | D17: Amber | E17: =IF(B17=D17,"","CROSS-REALM") -> CROSS-REALM | F17: 1
A18: AMB-3 | B18: Amber | C18: YEL-1 | D18: Yellow | E18: =IF(B18=D18,"","CROSS-REALM") -> CROSS-REALM | F18: 1
... A101: VIO-M2 | B101: Violet | C101: VIO-M3 | D101: Violet | E101: =IF(B101=D101,"","CROSS-REALM") | F101: 3

Sheet Reachability Check
A1: Reachability Check
A2: Open options at each step. A switch is open once its prerequisites are met and until it is flipped. Column E must read OK for every step before the finale funnel.
A4: Steps flagged | B4: =COUNTIF(E8:E70,"CHECK") -> 0 | C4: Must be zero.
A5: Narrowest point (pre-finale) | B5: =MIN(H8:H70) -> 2
A7: Step | B7: Open Options | C7: Min Allowed | D7: Max Allowed | E7: Flag | F7: Phase | G7: Open switch IDs (snapshot of current layout) | H7: Pre-finale count
A8: 1 | B8: =COUNTIFS('Switch Graph'!$G$5:$G$67,"<="&A8,'Switch Graph'!$H$5:$H$67,">="&A8) -> 3 | C8: =IF(A8>=Parameters!$B$24,1,Parameters!$B$27) -> 2 | D8: =IF(A8>=Parameters!$B$24,99,IF(A8<=Parameters!$B$23,Parameters!$B$28,Parameters!$B$29)) -> 5 | E8: =IF(OR(B8<C8,B8>D8),"CHECK","OK") -> OK | F8: =IF(A8>=Parameters!$B$24,"Finale",IF(A8<=Parameters!$B$22,"Early",IF(A8<=Parameters!$B$23,"Mid","Late"))) -> Early | G8: HALL-1, HUB-1, RED-1 | H8: =IF(A8<Parameters!$B$24,B8,999) -> 3
A9: 2 | B9: =COUNTIFS('Switch Graph'!$G$5:$G$67,"<="&A9,'Switch Graph'!$H$5:$H$67,">="&A9) -> 4 | C9: =IF(A9>=Parameters!$B$24,1,Parameters!$B$27) -> 2 | D9: =IF(A9>=Parameters!$B$24,99,IF(A9<=Parameters!$B$23,Parameters!$B$28,Parameters!$B$29)) -> 5 | E9: =IF(OR(B9<C9,B9>D9),"CHECK","OK") -> OK | F9: =IF(A9>=Parameters!$B$24,"Finale",IF(A9<=Parameters!$B$22,"Early",IF(A9<=Parameters!$B$23,"Mid","Late"))) -> Early | G9: HALL-1, HUB-1, RED-2, RED-3 | H9: =IF(A9<Parameters!$B$24,B9,999) -> 4
A10: 3 | B10: =COUNTIFS('Switch Graph'!$G$5:$G$67,"<="&A10,'Switch Graph'!$H$5:$H$67,">="&A10) -> 4 | C10: =IF(A10>=Parameters!$B$24,1,Parameters!$B$27) -> 2 | D10: =IF(A10>=Parameters!$B$24,99,IF(A10<=Parameters!$B$23,Parameters!$B$28,Parameters!$B$29)) -> 5 | E10: =IF(OR(B10<C10,B10>D10),"CHECK","OK") -> OK | F10: =IF(A10>=Parameters!$B$24,"Finale",IF(A10<=Parameters!$B$22,"Early",IF(A10<=Parameters!$B$23,"Mid","Late"))) -> Early | G10: HALL-1, HUB-1, RED-3, RED-4 | H10: =IF(A10<Parameters!$B$24,B10,999) -> 4
A11: 4 | B11: =COUNTIFS('Switch Graph'!$G$5:$G$67,"<="&A11,'Switch Graph'!$H$5:$H$67,">="&A11) -> 3 | C11: =IF(A11>=Parameters!$B$24,1,Parameters!$B$27) -> 2 | D11: =IF(A11>=Parameters!$B$24,99,IF(A11<=Parameters!$B$23,Parameters!$B$28,Parameters!$B$29)) -> 5 | E11: =IF(OR(B11<C11,B11>D11),"CHECK","OK") -> OK | F11: =IF(A11>=Parameters!$B$24,"Finale",IF(A11<=Parameters!$B$22,"Early",IF(A11<=Parameters!$B$23,"Mid","Late"))) -> Early | G11: HUB-1, RED-3, RED-4 | H11: =IF(A11<Parameters!$B$24,B11,999) -> 3
A12: 5 | B12: =COUNTIFS('Switch Graph'!$G$5:$G$67,"<="&A12,'Switch Graph'!$H$5:$H$67,">="&A12) -> 4 | C12: =IF(A12>=Parameters!$B$24,1,Parameters!$B$27) -> 2 | D12: =IF(A12>=Parameters!$B$24,99,IF(A12<=Parameters!$B$23,Parameters!$B$28,Parameters!$B$29)) -> 5 | E12: =IF(OR(B12<C12,B12>D12),"CHECK","OK") -> OK | F12: =IF(A12>=Parameters!$B$24,"Finale",IF(A12<=Parameters!$B$22,"Early",IF(A12<=Parameters!$B$23,"Mid","Late"))) -> Early | G12: AMB-1, HUB-1, RED-4, RED-M1 | H12: =IF(A12<Parameters!$B$24,B12,999) -> 4
A13: 6 | B13: =COUNTIFS('Switch Graph'!$G$5:$G$67,"<="&A13,'Switch Graph'!$H$5:$H$67,">="&A13) -> 3 | C13: =IF(A13>=Parameters!$B$24,1,Parameters!$B$27) -> 2 | D13: =IF(A13>=Parameters!$B$24,99,IF(A13<=Parameters!$B$23,Parameters!$B$28,Parameters!$B$29)) -> 5 | E13: =IF(OR(B13<C13,B13>D13),"CHECK","OK") -> OK | F13: =IF(A13>=Parameters!$B$24,"Finale",IF(A13<=Parameters!$B$22,"Early",IF(A13<=Parameters!$B$23,"Mid","Late"))) -> Early | G13: AMB-1, HUB-1, RED-M1 | H13: =IF(A13<Parameters!$B$24,B13,999) -> 3
A14: 7 | B14: =COUNTIFS('Switch Graph'!$G$5:$G$67,"<="&A14,'Switch Graph'!$H$5:$H$67,">="&A14) -> 2 | C14: =IF(A14>=Parameters!$B$24,1,Parameters!$B$27) -> 2 | D14: =IF(A14>=Parameters!$B$24,99,IF(A14<=Parameters!$B$23,Parameters!$B$28,Parameters!$B$29)) -> 5 | E14: =IF(OR(B14<C14,B14>D14),"CHECK","OK") -> OK | F14: =IF(A14>=Parameters!$B$24,"Finale",IF(A14<=Parameters!$B$22,"Early",IF(A14<=Parameters!$B$23,"Mid","Late"))) -> Early | G14: AMB-1, RED-M1 | H14: =IF(A14<Parameters!$B$24,B14,999) -> 2
A15: 8 | B15: =COUNTIFS('Switch Graph'!$G$5:$G$67,"<="&A15,'Switch Graph'!$H$5:$H$67,">="&A15) -> 2 | C15: =IF(A15>=Parameters!$B$24,1,Parameters!$B$27) -> 2 | D15: =IF(A15>=Parameters!$B$24,99,IF(A15<=Parameters!$B$23,Parameters!$B$28,Parameters!$B$29)) -> 5 | E15: =IF(OR(B15<C15,B15>D15),"CHECK","OK") -> OK | F15: =IF(A15>=Parameters!$B$24,"Finale",IF(A15<=Parameters!$B$22,"Early",IF(A15<=Parameters!$B$23,"Mid","Late"))) -> Early | G15: AMB-1, RED-5 | H15: =IF(A15<Parameters!$B$24,B15,999) -> 2
A16: 9 | B16: =COUNTIFS('Switch Graph'!$G$5:$G$67,"<="&A16,'Switch Graph'!$H$5:$H$67,">="&A16) -> 3 | C16: =IF(A16>=Parameters!$B$24,1,Parameters!$B$27) -> 2 | D16: =IF(A16>=Parameters!$B$24,99,IF(A16<=Parameters!$B$23,Parameters!$B$28,Parameters!$B$29)) -> 5 | E16: =IF(OR(B16<C16,B16>D16),"CHECK","OK") -> OK | F16: =IF(A16>=Parameters!$B$24,"Finale",IF(A16<=Parameters!$B$22,"Early",IF(A16<=Parameters!$B$23,"Mid","Late"))) -> Early | G16: AMB-2, AMB-3, RED-5 | H16: =IF(A16<Parameters!$B$24,B16,999) -> 3
A17: 10 | B17: =COUNTIFS('Switch Graph'!$G$5:$G$67,"<="&A17,'Switch Graph'!$H$5:$H$67,">="&A17) -> 3 | C17: =IF(A17>=Parameters!$B$24,1,Parameters!$B$27) -> 2 | D17: =IF(A17>=Parameters!$B$24,99,IF(A17<=Parameters!$B$23,Parameters!$B$28,Parameters!$B$29)) -> 5 | E17: =IF(OR(B17<C17,B17>D17),"CHECK","OK") -> OK | F17: =IF(A17>=Parameters!$B$24,"Finale",IF(A17<=Parameters!$B$22,"Early",IF(A17<=Parameters!$B$23,"Mid","Late"))) -> Early | G17: AMB-3, AMB-4, RED-5 | H17: =IF(A17<Parameters!$B$24,B17,999) -> 3
A18: 11 | B18: =COUNTIFS('Switch Graph'!$G$5:$G$67,"<="&A18,'Switch Graph'!$H$5:$H$67,">="&A18) -> 4 | C18: =IF(A18>=Parameters!$B$24,1,Parameters!$B$27) -> 2 | D18: =IF(A18>=Parameters!$B$24,99,IF(A18<=Parameters!$B$23,Parameters!$B$28,Parameters!$B$29)) -> 5 | E18: =IF(OR(B18<C18,B18>D18),"CHECK","OK") -> OK | F18: =IF(A18>=Parameters!$B$24,"Finale",IF(A18<=Parameters!$B$22,"Early",IF(A18<=Parameters!$B$23,"Mid","Late"))) -> Early | G18: AMB-4, AMB-M1, RED-5, YEL-1 | H18: =IF(A18<Parameters!$B$24,B18,999) -> 4
A19: 12 | B19: =COUNTIFS('Switch Graph'!$G$5:$G$67,"<="&A19,'Switch Graph'!$H$5:$H$67,">="&A19) -> 3 | C19: =IF(A19>=Parameters!$B$24,1,Parameters!$B$27) -> 2 | D19: =IF(A19>=Parameters!$B$24,99,IF(A19<=Parameters!$B$23,Parameters!$B$28,Parameters!$B$29)) -> 5 | E19: =IF(OR(B19<C19,B19>D19),"CHECK","OK") -> OK | F19: =IF(A19>=Parameters!$B$24,"Finale",IF(A19<=Parameters!$B$22,"Early",IF(A19<=Parameters!$B$23,"Mid","Late"))) -> Early | G19: AMB-4, AMB-M1, YEL-1 | H19: =IF(A19<Parameters!$B$24,B19,999) -> 3
... A70: 63 | B70: =COUNTIFS('Switch Graph'!$G$5:$G$67,"<="&A70,'Switch Graph'!$H$5:$H$67,">="&A70) -> 1 | C70: =IF(A70>=Parameters!$B$24,1,Parameters!$B$27) -> 1 | D70: =IF(A70>=Parameters!$B$24,99,IF(A70<=Parameters!$B$23,Parameters!$B$28,Parameters!$B$29)) -> 99 | E70: =IF(OR(B70<C70,B70>D70),"CHECK","OK") -> OK | F70: =IF(A70>=Parameters!$B$24,"Finale",IF(A70<=Parameters!$B$22,"Early",IF(A70<=Parameters!$B$23,"Mid","Late"))) -> Finale | G70: VIO-M3 | H70: =IF(A70<Parameters!$B$24,B70,999) -> 999

Sheet Pacing Model
A1: Pacing Model
A2: Total runs and hours implied by the switch table. Tune with the blue cells on Parameters.
A4: BY PHASE
A5: Phase | B5: Switches | C5: Est. Runs | D5: Min / Run | E5: Hours
A6: Early | B6: =COUNTIF('Switch Graph'!$K$5:$K$67,A6) -> 20 | C6: =SUMIF('Switch Graph'!$K$5:$K$67,A6,'Switch Graph'!$L$5:$L$67) -> 51 | D6: =IF(A6="Early",Parameters!$B$16,IF(A6="Mid",Parameters!$B$17,Parameters!$B$18)) -> 2.5 | E6: =SUMIF('Switch Graph'!$K$5:$K$67,A6,'Switch Graph'!$N$5:$N$67)/60 -> 2.7625
A7: Mid | B7: =COUNTIF('Switch Graph'!$K$5:$K$67,A7) -> 25 | C7: =SUMIF('Switch Graph'!$K$5:$K$67,A7,'Switch Graph'!$L$5:$L$67) -> 76 | D7: =IF(A7="Early",Parameters!$B$16,IF(A7="Mid",Parameters!$B$17,Parameters!$B$18)) -> 5.5 | E7: =SUMIF('Switch Graph'!$K$5:$K$67,A7,'Switch Graph'!$N$5:$N$67)/60 -> 7.9166667
A8: Late | B8: =COUNTIF('Switch Graph'!$K$5:$K$67,A8) -> 18 | C8: =SUMIF('Switch Graph'!$K$5:$K$67,A8,'Switch Graph'!$L$5:$L$67) -> 162 | D8: =IF(A8="Early",Parameters!$B$16,IF(A8="Mid",Parameters!$B$17,Parameters!$B$18)) -> 10 | E8: =SUMIF('Switch Graph'!$K$5:$K$67,A8,'Switch Graph'!$N$5:$N$67)/60 -> 29.025
A9: TOTAL | B9: =SUM(B6:B8) -> 63 | C9: =SUM(C6:C8) -> 289 | E9: =SUM(E6:E8) -> 39.704167
A11: TOTALS
A12: Total switches | B12: =COUNTA('Switch Graph'!$A$5:$A$67) -> 63 | C12: Milestones that award gems.
A13: Total runs | B13: =C9 -> 289 | C13: Loops played across a full playthrough.
A14: Average minutes per run | B14: =IFERROR(E9*60/C9,0) -> 8.2430796
A15: Total hours | B15: =E9 -> 39.704167 | C15: Compare against 40-60 target in design doc v0.2 section 1.
A16: Runs per switch (reward cadence) | B16: =IFERROR(C9/B9,0) -> 4.5873016 | C16: Aim for 3-5. Higher than 5 and rewards feel sparse.
A17: Hours vs target low | B17: =E9-Parameters!$B$32 -> -0.29583333 | C17: Negative means the game is shorter than target.
A18: Hours vs target high | B18: =E9-Parameters!$B$33 -> -20.295833
A21: HOW TO LENGTHEN OR SHORTEN
A22: - Raise the global pacing multiplier (Parameters B7) to make every switch take more runs.
A23: - Raise late minutes per run (Parameters B18) - long late routes add hours without adding grind.
A24: - Raise tier 3 multiplier (Parameters B13) to back-load difficulty rather than pad the early game.
A25: - Adding switches is the only lever that adds CONTENT; the others only add time.
